{"objects":{"52":{"x":1873,"y":248,"width":"300px","elements":[53,55,56,57,58],"id":52,"type":"StandardMaterialEditor"},"53":{"style":"blue","title":"Standard Material","id":53,"type":"TitleElement"},"55":{"inputLength":3,"links":[103],"label":"Color","id":55,"type":"LabelElement"},"56":{"inputLength":1,"label":"Opacity","id":56,"type":"LabelElement"},"57":{"inputLength":1,"label":"Metalness","id":57,"type":"LabelElement"},"58":{"inputLength":1,"links":[177],"label":"Roughness","id":58,"type":"LabelElement"},"64":{"x":506,"y":328,"width":"200px","elements":[65,67,68],"id":64,"type":"DotEditor"},"65":{"outputLength":1,"title":"Dot Product","id":65,"type":"TitleElement"},"67":{"inputLength":3,"links":[85],"label":"A","id":67,"type":"LabelElement"},"68":{"inputLength":3,"links":[73],"label":"B","id":68,"type":"LabelElement"},"72":{"x":33,"y":453,"width":"300px","elements":[73,78],"id":72,"type":"Vector3Editor"},"73":{"outputLength":3,"title":"Vector 3","icon":"ti ti-box-multiple-3","id":73,"type":"TitleElement"},"75":{"value":0,"id":75,"type":"NumberInput"},"76":{"value":0,"id":76,"type":"NumberInput"},"77":{"value":1.54,"id":77,"type":"NumberInput"},"78":{"inputs":[75,76,77],"label":"Values","id":78,"type":"LabelElement"},"84":{"x":75,"y":278,"width":"250px","elements":[85,88],"id":84,"type":"NormalEditor"},"85":{"outputLength":3,"style":"red","title":"Normal","id":85,"type":"TitleElement"},"87":{"options":[{"name":"Local","value":"local"},{"name":"World","value":"world"},{"name":"View","value":"view"}],"value":"view","id":87,"type":"SelectInput"},"88":{"inputs":[87],"label":"Scope","id":88,"type":"LabelElement"},"92":{"x":846,"y":353,"width":"300px","elements":[93,97,96],"id":92,"type":"InvertEditor"},"93":{"outputLength":1,"title":"Invert / Negate","id":93,"type":"TitleElement"},"95":{"options":[{"name":"Invert ( 1 - Source )","value":"invert"},{"name":"Negate ( - Source )","value":"negate"}],"value":"invert","id":95,"type":"SelectInput"},"96":{"inputLength":1,"links":[65],"label":"Source","id":96,"type":"LabelElement"},"97":{"inputs":[95],"label":"Method","id":97,"type":"LabelElement"},"102":{"x":1459,"y":146,"width":"300px","elements":[103,105,106,107],"id":102,"type":"BlendEditor"},"103":{"outputLength":3,"title":"Blend","id":103,"type":"TitleElement"},"105":{"inputLength":3,"links":[113],"label":"Base","id":105,"type":"LabelElement"},"106":{"inputLength":3,"links":[133],"label":"Blend","id":106,"type":"LabelElement"},"107":{"inputLength":1,"links":[161],"label":"Opacity","id":107,"type":"LabelElement"},"112":{"x":846,"y":17,"width":"300px","elements":[113,120,121,122],"id":112,"type":"ColorEditor"},"113":{"outputLength":1,"title":"Color","icon":"ti ti-palette","id":113,"type":"TitleElement"},"115":{"value":5058,"id":115,"type":"ColorInput"},"116":{"value":"#13C200","id":116,"type":"StringInput"},"117":{"min":0,"max":1,"step":0.01,"value":0,"id":117,"type":"NumberInput"},"118":{"min":0,"max":1,"step":0.01,"value":0.075,"id":118,"type":"NumberInput"},"119":{"min":0,"max":1,"step":0.01,"value":0.761,"id":119,"type":"NumberInput"},"120":{"inputs":[115],"label":"Value","id":120,"type":"LabelElement"},"121":{"inputs":[116],"label":"Hex","id":121,"type":"LabelElement"},"122":{"inputs":[117,118,119],"label":"RGB","id":122,"type":"LabelElement"},"132":{"x":844,"y":189,"width":"300px","elements":[133,140,141,142],"id":132,"type":"ColorEditor"},"133":{"outputLength":1,"title":"Color","icon":"ti ti-palette","id":133,"type":"TitleElement"},"135":{"value":16711680,"id":135,"type":"ColorInput"},"136":{"value":"#FF0000","id":136,"type":"StringInput"},"137":{"min":0,"max":1,"step":0.01,"value":1,"id":137,"type":"NumberInput"},"138":{"min":0,"max":1,"step":0.01,"value":0,"id":138,"type":"NumberInput"},"139":{"min":0,"max":1,"step":0.01,"value":0,"id":139,"type":"NumberInput"},"140":{"inputs":[135],"label":"Value","id":140,"type":"LabelElement"},"141":{"inputs":[136],"label":"Hex","id":141,"type":"LabelElement"},"142":{"inputs":[137,138,139],"label":"RGB","id":142,"type":"LabelElement"},"160":{"x":1241,"y":361,"width":"200px","elements":[161,163,164],"id":160,"type":"PowerEditor"},"161":{"outputLength":1,"title":"Power","id":161,"type":"TitleElement"},"163":{"inputLength":1,"links":[93],"label":"A","id":163,"type":"LabelElement"},"164":{"inputLength":1,"links":[169],"label":"B","id":164,"type":"LabelElement"},"168":{"x":852,"y":503,"width":"250px","elements":[169,172],"id":168,"type":"FloatEditor"},"169":{"outputLength":1,"title":"Float","icon":"ti ti-box-multiple-1","id":169,"type":"TitleElement"},"171":{"value":1.32,"id":171,"type":"NumberInput"},"172":{"inputs":[171],"label":"Value","id":172,"type":"LabelElement"},"176":{"x":1482,"y":449,"width":"300px","elements":[177,187,183,184,185],"id":176,"type":"SliderEditor"},"177":{"outputLength":1,"title":"Slider","icon":"ti ti-adjustments-horizontal","id":177,"type":"TitleElement"},"179":{"min":0,"max":1,"value":1,"id":179,"type":"SliderInput"},"181":{"value":0,"id":181,"type":"NumberInput"},"182":{"value":1,"id":182,"type":"NumberInput"},"183":{"inputs":[181],"label":"Min.","id":183,"type":"LabelElement"},"184":{"inputs":[182],"label":"Max.","id":184,"type":"LabelElement"},"185":{"inputs":[186],"id":185,"type":"Element"},"186":{"value":"More","id":186,"type":"ButtonInput"},"187":{"inputs":[179],"label":"Value","id":187,"type":"LabelElement"}},"nodes":[52,64,72,84,92,102,112,132,160,168,176],"id":0,"type":"Canvas"}